"","mean","sd","2.5%","25%","50%","75%","97.5%","Rhat","n.eff"
"Yp[1,1]",1.00049661933333,0.135530632830198,0.728427193742867,0.911649499930482,1.0040749769813,1.08864999779554,1.25893925274195,1.00036115298795,1500
"Yp[2,1]",1.003266312,0.133912557920012,0.734127655547911,0.915064749512215,1.0069199992055,1.09065249978511,1.25900539695964,1.00037779732363,1500
"Yp[3,1]",1.00603603733333,0.132305487715725,0.740351913585426,0.919780691575111,1.00941997602584,1.09263499996568,1.25911373786896,1.00039674989673,1500
"Yp[4,1]",1.00880596466667,0.130710110288395,0.745971716819984,0.925073249963415,1.01221999683863,1.09462999986297,1.25869523334768,1.0004181689095,1500
"Yp[5,1]",1.01157559466667,0.129126257084504,0.750494371824428,0.928750208255955,1.0153049865927,1.09705499422363,1.25752649329721,1.00044210856274,1500
"Yp[6,1]",1.01434534866667,0.127554873963233,0.755619321415841,0.932680999684773,1.01681999168978,1.09910499996588,1.25778566436052,1.00046875224029,1500
"Yp[7,1]",1.01711503466667,0.12599618408723,0.762980444335141,0.936775974574208,1.01984497518005,1.10086249999148,1.25728614492246,1.00049824466157,1500
"Yp[8,1]",1.01988478666667,0.124450819513636,0.769153511062856,0.939600725745198,1.02189495741979,1.10282749808739,1.25697055334146,1.00053079887212,1500
"Yp[9,1]",1.02265453333333,0.122919067010848,0.773953761399807,0.943690939542476,1.02473999995121,1.10476249978785,1.25711595937299,1.00056646572787,1500
"Yp[10,1]",1.025424342,0.121401794405647,0.778948647058957,0.948505498006897,1.0273749985278,1.1067899987803,1.25576381634261,1.00060548728654,1500
"Yp[11,1]",1.02819401,0.119899071340215,0.785160694718826,0.951822247252904,1.03007999301025,1.10882749694796,1.25575451939442,1.00064804617815,1500
"Yp[12,1]",1.03096377133333,0.118411969236675,0.790920824014293,0.95510099722945,1.03286999956432,1.11035498213656,1.25569419112521,1.00069432777019,1500
"Yp[13,1]",1.03373347066667,0.116940662669416,0.797353929508095,0.959129473767979,1.03495999879222,1.11229999946059,1.25591824832216,1.00074452660934,1500
"Yp[14,1]",1.03650317066667,0.115485930559231,0.803814103186615,0.963633746812548,1.03785499940984,1.11400247636433,1.25632299857082,1.00079881217544,1500
"Yp[15,1]",1.039272946,0.114048505193692,0.809599515652468,0.967122719049251,1.04013999692349,1.11582249931947,1.25668649329273,1.0008573701323,1500
"Yp[16,1]",1.04204272066667,0.112628925852401,0.816913932379376,0.970809247042399,1.0430399723884,1.11756749898499,1.25736104149543,1.00092043078482,1500
"Yp[17,1]",1.04481241066667,0.111227790526818,0.823266899706785,0.974023496950222,1.04483999827725,1.11949749992463,1.25836468815855,1.00098817529195,1500
"Yp[18,1]",1.04758218066667,0.109845963109764,0.830279045360798,0.977127741306443,1.04779497994598,1.12173749992478,1.25896440487977,1.00106088258406,1500
"Yp[19,1]",1.050351956,0.108484123340214,0.836194320422208,0.98145874245684,1.04977498998595,1.12355499916562,1.26070549521307,1.00113883209804,1500
"Yp[20,1]",1.05312154133333,0.10714286705958,0.842082708407906,0.985327249752521,1.05194499571033,1.12597499970027,1.26116224168521,1.00122209838264,1500
"Yp[21,1]",1.05589144733333,0.105823347824601,0.847939941888087,0.989078246395555,1.0542599969647,1.12778999521221,1.2607682654439,1.00131093237364,1500
"Yp[22,1]",1.05866124133333,0.104526112569244,0.852900603676269,0.992880244424005,1.05806499989367,1.12942498801516,1.26192347118732,1.00140563678242,1400
"Yp[23,1]",1.061430914,0.103252114585598,0.857382714225609,0.997055999271835,1.0604799893916,1.13229749992548,1.26203301871228,1.00150642609897,1300
"Yp[24,1]",1.06420050866667,0.102002112961446,0.863173871962906,1.00082749976581,1.06242999769397,1.13427999788422,1.26008319726757,1.00161333748103,1200
"Yp[25,1]",1.066970462,0.10077720711423,0.868789614467727,1.00383749416254,1.06589499482829,1.1371574999258,1.26038829268011,1.00172674344742,1200
"Yp[26,1]",1.06974017666667,0.0995780786641271,0.873884012244234,1.0073547904986,1.06813999882974,1.13869749399855,1.26227074477449,1.00184677339536,1100
"Yp[27,1]",1.07250984,0.0984057100965359,0.878969120655673,1.00958749976785,1.0713149997083,1.14038249999178,1.26406906485631,1.00197379727734,1000
"Yp[28,1]",1.075279596,0.0972612751502159,0.88333712017852,1.0128349110748,1.07416498881689,1.14222499996717,1.26498623003969,1.00210762509394,950
"Yp[29,1]",1.07804938466667,0.0961456951678661,0.88777704838679,1.01699999055948,1.07716499943138,1.14336749402306,1.26550473501376,1.00224857885436,890
"Yp[30,1]",1.080819098,0.0950596531527304,0.892292552909367,1.01998999985294,1.07991995258908,1.14594249979548,1.26702054875382,1.00239679150068,840
"Yp[31,1]",1.08358878333333,0.0940046791430631,0.8978336795617,1.02329249889141,1.08256,1.14783747157369,1.26784361993333,1.00255245725372,780
"Yp[32,1]",1.086358572,0.0929815297353589,0.903660773360661,1.02622499996346,1.08626998821656,1.149369997912,1.26888998427743,1.00271553021727,740
"Yp[33,1]",1.08912832133333,0.0919912246888904,0.910344954743029,1.02956749736829,1.08946499035077,1.15119249999186,1.2698592471623,1.00288586803146,690
"Yp[34,1]",1.09189803133333,0.091035126241165,0.915140024950814,1.03238249955502,1.09192499806534,1.15298999882917,1.27015049996073,1.00306364973776,650
"Yp[35,1]",1.09466785466667,0.0901139086196762,0.919816356940664,1.0363949808563,1.09384499998857,1.15393497631302,1.27055084910031,1.00324914481582,620
"Yp[36,1]",1.09743758733333,0.0892291651675918,0.924717671216347,1.03867249890782,1.09687999708263,1.15596499918901,1.27188199937258,1.00344136221684,580
"Yp[37,1]",1.10020724933333,0.0883815501036329,0.92955581396209,1.04160499564344,1.10006999927277,1.15829249934442,1.27321649337981,1.00364072654086,550
"Yp[38,1]",1.10297703933333,0.0875723439201226,0.933406995626997,1.04514246876931,1.10280499590816,1.1605874996042,1.27490170609607,1.0038471756299,520
"Yp[39,1]",1.10574659133333,0.0868024035645906,0.938481901227699,1.04897499395789,1.1054149997173,1.16246499454863,1.27635708742837,1.00406006288073,490
"Yp[40,1]",1.108516398,0.0860731401342446,0.94334106877599,1.05193249991979,1.10797499809337,1.16491499971028,1.27912589456421,1.00427941192423,470
"Yp[41,1]",1.11128636933333,0.0853854915297252,0.948497547496528,1.05546749999112,1.10982499944811,1.16692249497914,1.27773147935075,1.00450418471711,450
"Yp[42,1]",1.114055988,0.0847402276341812,0.952450776497385,1.05821249956589,1.11208,1.16869999987165,1.28003189114999,1.00473434358274,420
"Yp[43,1]",1.11682569466667,0.0841384915268019,0.95653004261629,1.0610374997791,1.11493499945064,1.17157249979995,1.28253149965001,1.00496963125783,400
"Yp[44,1]",1.119595502,0.0835814745574967,0.960414465833585,1.06379249956816,1.11789999928437,1.17465749820434,1.28314297372393,1.00520871539573,390
"Yp[45,1]",1.122365156,0.0830696662177437,0.964103277389894,1.06793999100983,1.12062999125492,1.17602999948982,1.28482299860253,1.00545157500657,370
"Yp[46,1]",1.12513485733333,0.0826038994597044,0.966185817931616,1.07114749929104,1.12385499812031,1.17855499615019,1.28739844696267,1.00569708343043,350
"Yp[47,1]",1.127904626,0.0821851563067133,0.971209338904711,1.07394249684846,1.126044993062,1.18139999885733,1.28986391090932,1.00594455581867,340
"Yp[48,1]",1.13067446266667,0.0818143166486714,0.975856906593579,1.07753499912993,1.12889999982284,1.18328499844718,1.29312319861494,1.0061933773841,320
"Yp[49,1]",1.13344419733333,0.0814916529667296,0.979115953447626,1.08022749999132,1.13136999929289,1.18578249651358,1.29538351873749,1.00644252493995,310
"Yp[50,1]",1.13621384466667,0.0812179778186404,0.983406499949283,1.08336499968846,1.13424999135993,1.18967499996848,1.29886332762116,1.00669016338623,300
"Yp[51,1]",1.13898375266667,0.0809937972796231,0.98551437276113,1.08649499830871,1.13716499972519,1.19178998980628,1.30348887128047,1.00693662825601,290
"Yp[52,1]",1.14175335866667,0.0808193825483819,0.987169515168144,1.08948999986232,1.13945999982448,1.19423499620073,1.30733772519261,1.00718036802481,280
"Yp[53,1]",1.144522976,0.0806952216992647,0.990593193497537,1.09329499722155,1.14225999982491,1.19650999887176,1.31133174306828,1.00742060397636,270
"Yp[54,1]",1.14729268666667,0.0806212198466975,0.993269904126159,1.09661999658019,1.14510499990176,1.19910249867875,1.31579352232487,1.00765646016635,260
"Yp[55,1]",1.15006254133333,0.0805981059940669,0.996753914032599,1.09951749999147,1.14825999564559,1.20241999950102,1.31926105127886,1.00788722387891,260
"Yp[56,1]",1.15283235933333,0.0806254405776972,0.99875158180468,1.10162749931066,1.1505349981639,1.2043724993695,1.32225573256391,1.00813382163811,250
"Yp[57,1]",1.155602052,0.0807031790228214,1.00001272579193,1.10472246189732,1.15298499868819,1.20723249999223,1.32526971724866,1.00842717177471,240
"Yp[58,1]",1.15837167533333,0.080831530411804,1.00285557980793,1.10769499427821,1.15625999930811,1.21054999801752,1.32830500667072,1.00871360121198,240
"Yp[59,1]",1.16114156466667,0.0810098426191942,1.00616224850053,1.1098999994594,1.15949,1.21272499972171,1.33210589875767,1.00899228254728,230
"Yp[60,1]",1.16391131,0.0812381491886681,1.01005861390572,1.11114499834623,1.16291499758151,1.21580249980723,1.33602024588423,1.00926207158151,230
"Yp[61,1]",1.16668108733333,0.0815156686450166,1.01316849955696,1.11453249992429,1.16521499818703,1.21919999889275,1.33830659972441,1.0095222159952,220
"Yp[62,1]",1.16945085266667,0.0818423050179432,1.01360595123655,1.1166774999916,1.16765497832194,1.22240749993098,1.33973645945862,1.00977129963166,220
"Yp[63,1]",1.17222051133333,0.0822170922539894,1.01483503100091,1.11916999946388,1.16958499913431,1.22490749062518,1.34360848927218,1.01000824447993,210
"Yp[64,1]",1.17499001466667,0.0826394211621455,1.01622629299651,1.12168499916418,1.17225999893368,1.22725749443159,1.34672449700021,1.01023291390519,210
"Yp[65,1]",1.17775989933333,0.0831088849098047,1.01717974459419,1.12510248159078,1.17547999166298,1.22997999804883,1.34987774888233,1.01044412443163,210
"Yp[66,1]",1.180529792,0.0836244405840864,1.01954020742897,1.12766999986698,1.17844499998939,1.23253749993154,1.35417887609888,1.01064174096208,200
"Yp[67,1]",1.183299592,0.0841852647229144,1.02191424989019,1.13037749999171,1.18070499973533,1.23507499632635,1.35927774889006,1.0108255340727,200
"Yp[68,1]",1.18606913466667,0.0847904067941459,1.02386931874885,1.13260749482627,1.18293999285678,1.23774499972733,1.36394844993938,1.01099485072803,200
"Yp[69,1]",1.18883898266667,0.085439143723244,1.02490171582686,1.13438748610592,1.18592499619495,1.24050749962969,1.36772824845932,1.01114939797822,200
"Yp[70,1]",1.191608808,0.0861302645396858,1.02734523154006,1.13662,1.18859999983173,1.24403749993218,1.37061353143147,1.01128942417576,200
"Yp[71,1]",1.19437847466667,0.0868628588641816,1.02844797206708,1.13934,1.19130499948586,1.24699499924821,1.37301062205308,1.01141437118567,200
"Yp[72,1]",1.19714815733333,0.0876358851006985,1.02983678904794,1.14065999671224,1.19382999983247,1.2500274999325,1.37548164621205,1.01152553410746,190
"Yp[73,1]",1.19991792533333,0.0884481513655,1.03222265432091,1.14268749933543,1.19667999895544,1.25303,1.37969624977407,1.01162161801879,190
"Yp[74,1]",1.20268751933333,0.0892989289657043,1.03358372557155,1.14530243802742,1.19943499998958,1.25633749832108,1.38473998559282,1.01170421352469,190
"Yp[75,1]",1.20545740133333,0.0901866078918869,1.03295198763944,1.14809999986935,1.20127,1.25949999952363,1.38915423771204,1.01177306952416,190
"Yp[76,1]",1.208227102,0.0911106022345989,1.03247273548704,1.15065999947855,1.20389999962621,1.26302749286743,1.39335125339851,1.01182912584488,190
"Yp[77,1]",1.21099691,0.0920695432402461,1.03233134303693,1.15149999947893,1.20725998504879,1.26711249981503,1.39741684949245,1.01187214544918,190
"Yp[78,1]",1.21376666,0.0930625647172637,1.03231949995169,1.15429749641806,1.21032999983476,1.27024999811069,1.40018086307115,1.01190290124393,190
"Yp[79,1]",1.21653647266667,0.0940882868063892,1.0319,1.1568049973741,1.21322499356055,1.27444999894075,1.40403710221273,1.01192210608157,190
"Yp[80,1]",1.21930615666667,0.0951458787641377,1.03094891466395,1.15873498287777,1.21564499949615,1.27852249940607,1.4115012565696,1.01193097699719,190
"Yp[81,1]",1.22207576666667,0.0962342272616037,1.03164918282561,1.16096746587607,1.21809499974345,1.2825099970762,1.41670718028409,1.0119291744207,190
"Yp[82,1]",1.22484547866667,0.0973520395762307,1.03218799922689,1.16236249224839,1.22015,1.28626499647255,1.42026809470073,1.01191740923146,190
"Yp[83,1]",1.22761523733333,0.0984988803986295,1.03232093023707,1.16536999987128,1.22327999995913,1.29025249877208,1.42513674957129,1.01189659291343,190
"Yp[84,1]",1.230385016,0.0996734129636968,1.03221710117283,1.16745749498072,1.22620999963302,1.29383249680472,1.43071491284749,1.01186756185498,190
"Yp[85,1]",1.233154734,0.100874735983941,1.03184495649867,1.16902999948674,1.22909499876942,1.29731749993496,1.43505767804756,1.01183052030599,190
"Yp[86,1]",1.23592446933333,0.102101778596928,1.0338019876496,1.17040749999199,1.23192499260304,1.30143,1.44037611473683,1.01178621505425,200
"Yp[87,1]",1.23869429533333,0.103353461744768,1.03581900385496,1.17261497668314,1.23491,1.30490499169552,1.4438597468825,1.01173523690131,200
"Yp[88,1]",1.24146405533333,0.104629542839459,1.03702366313192,1.17419999373992,1.23842499030018,1.30899499928382,1.45001144928622,1.01167762124108,200
"Yp[89,1]",1.244233692,0.105928541585278,1.03792699827012,1.17561499282229,1.24056998049284,1.31292499174624,1.45563532727265,1.01161506134909,200
"Yp[90,1]",1.24700350666667,0.107249968809259,1.03864299058828,1.17705249234515,1.2427399996379,1.31665249794231,1.46047397322616,1.01154685172864,200
"Yp[91,1]",1.24977322666667,0.108592715596377,1.03945689847354,1.17962999987284,1.24582498770895,1.32080499770037,1.46580193412484,1.01147466254575,200
"Yp[92,1]",1.252542956,0.109956174214769,1.03902538475151,1.18123999682519,1.24814499774666,1.32514249999293,1.47162767983562,1.01139789406393,200
"Yp[93,1]",1.25531274133333,0.11133954654344,1.03944033297907,1.18257749770881,1.24997997883966,1.32872249942851,1.47855673137118,1.01131760476052,200
"Yp[94,1]",1.258082496,0.112742235163487,1.04067924366191,1.18457499971508,1.25248999996008,1.33230999988741,1.48487334921569,1.01123382430133,200
"Yp[95,1]",1.260852364,0.114163326298956,1.04111849956885,1.18604749866411,1.25557999996018,1.33614999820387,1.49117984158768,1.01114754221147,210
"Yp[96,1]",1.26362206733333,0.115602130642387,1.04147399310406,1.18872249715278,1.25904499991065,1.33975499862853,1.49746998549694,1.0110585005431,210
"Yp[97,1]",1.266391758,0.117058272937457,1.04185474998803,1.19102999685129,1.26246999857422,1.34417749965825,1.5027476941153,1.01096762620725,210
"Yp[98,1]",1.26916143333333,0.118530748665949,1.04215042721014,1.19231999949677,1.26568499999012,1.34828999098939,1.50832874814001,1.01087436082187,210
"Yp[99,1]",1.271931252,0.120019298698787,1.04287749880439,1.19374999949737,1.26863499715245,1.35181998402343,1.51429503655817,1.01077981031539,210
"Yp[100,1]",1.27470083533333,0.121523121309697,1.04249495694306,1.19559497361765,1.27149999681479,1.35632996804409,1.52063772511736,1.01068402310785,210
"Yp[1,2]",0.575318538533333,0.141262903503791,0.289042147289786,0.485757992884409,0.578066499086394,0.66600474607454,0.856693666120358,1.01406660968325,230
"Yp[2,2]",0.578088301333333,0.139617906746387,0.295941221877304,0.489823247468595,0.580776499951573,0.666963499873496,0.855542933921682,1.01389365932994,230
"Yp[3,2]",0.580858033333333,0.137982845511539,0.303327076697539,0.493628999015407,0.583332498662641,0.6682042392363,0.856352058865803,1.01373746264634,230
"Yp[4,2]",0.583627776,0.136358069112209,0.309836360145967,0.496587744607403,0.585400498153188,0.670916249480064,0.855923319582234,1.01359602651944,230
"Yp[5,2]",0.5863975,0.134743981434823,0.317244084662615,0.500641747073824,0.588354493039698,0.672948964057582,0.855425861292056,1.01346796488416,230
"Yp[6,2]",0.589167247333333,0.133140957194456,0.324383394710798,0.504115246406555,0.591087899899837,0.674807731696818,0.854928877994176,1.01335180578248,230
"Yp[7,2]",0.591936998,0.131549376057241,0.331693080602423,0.507195839345289,0.593306488166108,0.676477986163567,0.85371454992931,1.01324654054665,230
"Yp[8,2]",0.594706731333333,0.129969676323293,0.337041164635697,0.511849249998352,0.595651499974608,0.67728047345044,0.852905783587004,1.01315128308764,230
"Yp[9,2]",0.597476465333333,0.12840231113872,0.341883465945369,0.514689663491639,0.598536983155594,0.678345648065016,0.853436499264138,1.01306512021787,230
"Yp[10,2]",0.600246191333333,0.1268476993447,0.348773702390757,0.518765226376158,0.601276978445042,0.679898851366788,0.85293903883391,1.012987471338,230
"Yp[11,2]",0.603015953333333,0.125306378644525,0.354940499859484,0.521784219038236,0.603381381910314,0.682295249419487,0.852441577975666,1.01291774909863,230
"Yp[12,2]",0.60578569,0.123778812304709,0.35945009955044,0.52485224972831,0.605721998930202,0.684624999629734,0.851944592037859,1.01285529402582,230
"Yp[13,2]",0.608555422,0.122265490890135,0.363267067695051,0.52879924865803,0.608483499378578,0.686693687816741,0.851151174177408,1.01279965523401,220
"Yp[14,2]",0.611325171333333,0.120766957257798,0.368833251268641,0.532753499627631,0.610904494827137,0.688476999965141,0.850292796611994,1.01275034557857,220
"Yp[15,2]",0.614094918,0.119283807630132,0.374326214018966,0.536386188929965,0.61342299999674,0.690179490959457,0.850452205563025,1.01270705108259,220
"Yp[16,2]",0.616864647333333,0.117816577756269,0.379366077857018,0.539658486182606,0.615686997804079,0.691592999687685,0.849735918774831,1.01266922648219,220
"Yp[17,2]",0.619634387333333,0.116365909219085,0.385085727814387,0.544404499497829,0.618116997977729,0.693151233904317,0.850159872119362,1.0126366398979,220
"Yp[18,2]",0.622404132,0.114932403601623,0.391885160578204,0.54836899446024,0.621395494523415,0.693848249279992,0.849650170545855,1.01260884436699,220
"Yp[19,2]",0.625173868,0.113516711782556,0.396813275670167,0.551516999825931,0.623707499781749,0.695759496636485,0.849203659299549,1.01258557821911,220
"Yp[20,2]",0.627943605333333,0.112119520216579,0.401119454680307,0.555157208610062,0.626451999501159,0.697837499995164,0.849180393919687,1.01256651821005,220
"Yp[21,2]",0.63071335,0.110741522035432,0.405424794507759,0.557612996317012,0.62918298697994,0.700660240029138,0.849230744682123,1.01255118510918,220
"Yp[22,2]",0.633483084,0.109383438787983,0.411756792154911,0.560827247131079,0.63214199786124,0.702823993066581,0.849745956562534,1.01253943143878,220
"Yp[23,2]",0.636252827333333,0.108046020852093,0.418184867721158,0.564911249163384,0.635012499998228,0.705015902603323,0.850439865757625,1.01253077824733,220
"Yp[24,2]",0.639022562,0.10673007046709,0.422164829414582,0.568791354901566,0.637832999294486,0.707047474567957,0.851133692384495,1.01252499951406,220
"Yp[25,2]",0.641792306,0.105436366200902,0.42863771832262,0.571746749775519,0.640224998750439,0.709392415029178,0.851842536649959,1.01252162680927,220
"Yp[26,2]",0.644562046666667,0.104165724910609,0.43544512413381,0.575649497414254,0.643620997650015,0.711127249135077,0.852528064180741,1.01252040420836,220
"Yp[27,2]",0.647331785333333,0.10291902350629,0.441314947627023,0.578541246498062,0.645035998995405,0.713480248763731,0.853125811084627,1.01252088520743,220
"Yp[28,2]",0.650101522,0.101697166286464,0.446176700106701,0.582383493940819,0.647948995542859,0.715418249734645,0.854731030883133,1.01252271300536,220
"Yp[29,2]",0.652871261333333,0.100500996474463,0.450756938711825,0.585281748949015,0.65186799990719,0.717063746177291,0.855755290747083,1.01252541673443,220
"Yp[30,2]",0.655641016,0.0993314802985368,0.455336057905719,0.588430249518035,0.65401798805461,0.719883246454774,0.856772896458322,1.01252850562194,220
"Yp[31,2]",0.658410754,0.0981895963558487,0.45932828310945,0.591815998773207,0.65697649482002,0.721949466759768,0.856134081549308,1.0125315757632,220
"Yp[32,2]",0.661180479333333,0.0970762316992348,0.463673826591889,0.594941744606318,0.660154499899834,0.724064749608341,0.855985005692102,1.01253409776307,220
"Yp[33,2]",0.663950222,0.0959924783327928,0.468066727142001,0.599789499049,0.663101998404469,0.725954748734354,0.856001927534417,1.01253554498702,230
"Yp[34,2]",0.666719984,0.0949393185942851,0.473851899369732,0.603347981178883,0.665901410887528,0.727490697396045,0.85546199916589,1.01253525925797,230
"Yp[35,2]",0.669489696666667,0.0939177024232437,0.479587117346804,0.606521499949919,0.668791984281361,0.729868249388479,0.85539212392201,1.01253268929335,230
"Yp[36,2]",0.672259453333333,0.0929288377069512,0.485777714861944,0.61048074908946,0.671501413670887,0.732176738554399,0.857174216569014,1.0125271581531,230
"Yp[37,2]",0.675029183333333,0.0919736165599088,0.49250230414693,0.613761997944513,0.674268998430893,0.733896747939756,0.859356987781251,1.0125181018624,230
"Yp[38,2]",0.677798934,0.0910531516261263,0.496645935174126,0.617271740582146,0.677330499747354,0.735731244852402,0.859851846400638,1.01250459826513,230
"Yp[39,2]",0.680568679333333,0.0901685727345981,0.501878398429422,0.620403495424525,0.679521996394524,0.738028747820209,0.859798159570057,1.01248607883651,230
"Yp[40,2]",0.683338407333333,0.0893208518197026,0.506503445036213,0.623986494801655,0.682804998095357,0.740808998297221,0.861661962063005,1.01246175027501,240
"Yp[41,2]",0.686108153333333,0.0885110847487784,0.511557031509801,0.627104499898939,0.685470999988329,0.743578249645851,0.863527324230526,1.01243074911722,240
"Yp[42,2]",0.688877904,0.087740377446497,0.516785759837452,0.63099349918637,0.688295996739048,0.745929233623617,0.865543347413301,1.01239236413596,240
"Yp[43,2]",0.691647634666667,0.0870096658240398,0.521669335946748,0.633893996213559,0.691658499665839,0.748053208286296,0.865462163531646,1.01234573772365,250
"Yp[44,2]",0.694417375333333,0.0863200042011853,0.527528052049293,0.637141242147427,0.694216499040465,0.75012149923965,0.866599088305931,1.01229007491858,250
"Yp[45,2]",0.697187118,0.0856724330806671,0.532651987857685,0.639995245513474,0.697553999974196,0.752137,0.86817682070157,1.01222471035441,250
"Yp[46,2]",0.699956870666667,0.0850678621053258,0.536571818738194,0.642613990437781,0.699628476457327,0.754867499959761,0.870522299979374,1.01214873747357,260
"Yp[47,2]",0.702726589333333,0.0845072200509667,0.54112635522245,0.645228492043136,0.70228399862164,0.757672499916357,0.872242439910042,1.01206142145141,260
"Yp[48,2]",0.705496341333333,0.0839914299736279,0.543790078566345,0.648438232184613,0.705053499948763,0.760145249945611,0.873890244866666,1.01196232244259,270
"Yp[49,2]",0.708266074,0.0835212655345343,0.547714299932961,0.651295248589134,0.708171491688277,0.762599499464512,0.875062784519401,1.01185073478299,270
"Yp[50,2]",0.711035806,0.0830974942314311,0.552204934980121,0.654451997797255,0.710673996650363,0.76499199971765,0.877532500482431,1.01172607344075,280
"Yp[51,2]",0.71380556,0.0827209335158533,0.556261118135392,0.657519499871675,0.714329499390862,0.767666499999512,0.878164677963714,1.01158802597035,280
"Yp[52,2]",0.716575300666667,0.0823920853013107,0.559161230046149,0.66094374667935,0.716678499786341,0.770233493783824,0.878818247969313,1.01143638024113,290
"Yp[53,2]",0.719345046666667,0.082111599562715,0.560855821915512,0.663884996906614,0.71935291387816,0.772649249708679,0.88130806414631,1.01127088136277,300
"Yp[54,2]",0.722114772,0.0818799651231753,0.565070032202253,0.667600747805672,0.722007973396416,0.775213499407439,0.884981243905791,1.0110914228505,310
"Yp[55,2]",0.724884519333333,0.0816976652310809,0.568648718193054,0.670006495566255,0.724529999293335,0.778061492470071,0.88766873656609,1.0108982601395,320
"Yp[56,2]",0.727654259333333,0.0815649148578312,0.57094448943015,0.672948999016972,0.727166466568694,0.780142749250042,0.890975271408202,1.01069163569698,330
"Yp[57,2]",0.730424016,0.0814819909783563,0.572496840200283,0.674851249983191,0.730650482590684,0.78263549947822,0.893463077239649,1.01047187647782,340
"Yp[58,2]",0.733193734,0.0814490583766782,0.572604241467484,0.679168749913726,0.733274991898674,0.785278249054392,0.895462411007375,1.01023959734773,350
"Yp[59,2]",0.735963475333333,0.0814662321706533,0.572729473571628,0.681548499075047,0.736772498129511,0.787881963751766,0.896753204708851,1.00999539700394,360
"Yp[60,2]",0.738733209333333,0.0815333659582986,0.577221793903304,0.684407499758363,0.739208998971198,0.791400498767586,0.898365563942184,1.00974028301609,380
"Yp[61,2]",0.741502968,0.0816504694702126,0.58055739073975,0.688313219262235,0.742121499971534,0.794270993201998,0.901014271726773,1.00947505080936,390
"Yp[62,2]",0.744272685333333,0.0818171620056743,0.583426982753306,0.691725494022494,0.745945498152513,0.797183991042625,0.904185058775948,1.00920075899309,410
"Yp[63,2]",0.747042428,0.0820332890262796,0.583459641994415,0.694723715577125,0.749141493258783,0.799965499864527,0.907257099733928,1.00891866617219,430
"Yp[64,2]",0.749812181333333,0.082298471797415,0.58559007223332,0.697352999991396,0.752260999829846,0.803488749536915,0.909912745053097,1.00862981455394,450
"Yp[65,2]",0.752581913333333,0.0826120780445958,0.586507098772066,0.699734749854094,0.754598492055212,0.806796498973294,0.913201438907772,1.00833561445174,470
"Yp[66,2]",0.75535166,0.0829736893088812,0.587863671079303,0.702356497308344,0.757301494945045,0.809269483098062,0.917452238570163,1.00803727591044,490
"Yp[67,2]",0.758121402666667,0.083382663297928,0.589669239628701,0.704893499718568,0.759549997550523,0.812890249903009,0.921688590571324,1.00773615857161,510
"Yp[68,2]",0.760891138666667,0.08383826579506,0.590786376442099,0.706999725590749,0.761966494385416,0.814918997614627,0.92435364533326,1.0074334703784,540
"Yp[69,2]",0.76366088,0.0843397982972579,0.594050257523584,0.708893749441234,0.764458492720174,0.818259749859651,0.929543547295219,1.00713059028207,570
"Yp[70,2]",0.766430627333333,0.0848864185213318,0.597521607397885,0.711653498039137,0.767543447273182,0.821566249629261,0.932620589050076,1.00682870235827,600
"Yp[71,2]",0.769200374,0.0854771733628626,0.601362758088535,0.713955249970455,0.768862992273656,0.823897731522753,0.937177073771464,1.00652890517953,640
"Yp[72,2]",0.771970088666667,0.0861113344472898,0.604219772548238,0.716184999243884,0.771986499578846,0.827560999780685,0.941260574998808,1.00623239280455,680
"Yp[73,2]",0.774739838,0.0867878679683289,0.606916059557742,0.718445749304595,0.775440463935175,0.830691996343674,0.945463438288426,1.00594019954535,720
"Yp[74,2]",0.777509578666667,0.0875056816782838,0.607691799986868,0.720707999467175,0.778656999531886,0.833666748070261,0.948919229591193,1.00565304864178,760
"Yp[75,2]",0.780279317333333,0.088263934911586,0.608538611114297,0.723668641967175,0.78113949999856,0.8371132499972,0.953123497435918,1.00537202720531,810
"Yp[76,2]",0.783049061333333,0.0890615083517462,0.609754638839882,0.726230180238119,0.784475499757641,0.84004224984722,0.955859258773114,1.00509764616458,860
"Yp[77,2]",0.785818765333333,0.0898973106929947,0.611577422789544,0.728745499567224,0.786923992725473,0.843605999423918,0.958861164879168,1.00483066474335,920
"Yp[78,2]",0.788588545333333,0.090770485304326,0.614895174875417,0.730545999899389,0.789129499650089,0.846788749560593,0.961826323327695,1.00457162365998,980
"Yp[79,2]",0.791358274,0.0916797330040181,0.615558551877736,0.732622999795252,0.792171989979449,0.850934249849175,0.965009981383372,1.00432089009099,1100
"Yp[80,2]",0.794128022666667,0.0926240782134038,0.615662716222536,0.734532246267616,0.794813498639775,0.854335480089148,0.968967903067824,1.00407883924704,1100
"Yp[81,2]",0.796897754,0.0936024964531413,0.615848338736337,0.736852249358611,0.796949999969258,0.857707744758167,0.973058512083692,1.00384581745414,1200
"Yp[82,2]",0.799667500666667,0.0946139232817093,0.61716594588211,0.739950922890093,0.799964999959998,0.861227473440233,0.978695980114605,1.00362186869444,1300
"Yp[83,2]",0.802437234666667,0.0956571960279669,0.61763542064059,0.742204205869575,0.802658499999844,0.86506899549031,0.98302759115966,1.00340716957791,1400
"Yp[84,2]",0.805206974,0.0967314318283137,0.618812613872593,0.744081488507264,0.805785999977662,0.868729961159126,0.98679437813301,1.00320179612338,1500
"Yp[85,2]",0.807976714666667,0.0978355807990261,0.618348805995391,0.745861249366358,0.808360499597797,0.871856698074536,0.989997574998866,1.0030056152862,1500
"Yp[86,2]",0.810746468,0.0989685982198767,0.621062868128896,0.748208727787668,0.811756487492401,0.875882999244786,0.994277990565429,1.00281869990447,1500
"Yp[87,2]",0.813516198,0.100129497920436,0.622624479053059,0.750535472869252,0.814759492094446,0.879246207286616,0.99850274011737,1.00264084316889,1500
"Yp[88,2]",0.816285946666667,0.101317373812214,0.621610662474587,0.752450248352174,0.817865499932599,0.882947998036225,1.00308591156411,1.00247188583596,1500
"Yp[89,2]",0.819055673333333,0.102531235762217,0.621635224478293,0.754734747242103,0.82029794873814,0.886742497360862,1.00800970694033,1.00231163996589,1500
"Yp[90,2]",0.82182544,0.103770245877217,0.623287907473699,0.757034498156689,0.823502995404388,0.890797746320024,1.01239197162319,1.0021599155051,1500
"Yp[91,2]",0.824595168666667,0.105033396016375,0.622726110819458,0.758943454624366,0.826039986920125,0.894899240509667,1.01901377367113,1.00201646563597,1500
"Yp[92,2]",0.827364907333333,0.106319882954311,0.621754319789699,0.760242740536947,0.829255497413192,0.898302249969839,1.02418020469827,1.00188095584874,1500
"Yp[93,2]",0.830134638,0.107628932984868,0.621720956830064,0.761638749999877,0.832449995557691,0.90298874842935,1.02962245568998,1.00175319403958,1500
"Yp[94,2]",0.832904339333333,0.108959581023127,0.620679985531887,0.763020746654707,0.834404997696562,0.907097409871518,1.03621161222928,1.00163283797218,1500
"Yp[95,2]",0.835674092,0.11031127755779,0.618753441223648,0.764470248021928,0.837129998565934,0.910637738447872,1.04255247009995,1.00151964371735,1500
"Yp[96,2]",0.838443874,0.1116831777569,0.618211164400703,0.765911239055606,0.840760994745237,0.914587747141406,1.04925124257277,1.00141323803303,1500
"Yp[97,2]",0.841213595333333,0.113074378210294,0.619003170982753,0.767128996384301,0.843776997648075,0.917804488331872,1.05452445106121,1.00131337747153,1500
"Yp[98,2]",0.843983372666667,0.114484324267373,0.619730405485592,0.768019749979371,0.846787999914973,0.921056985611969,1.05979488234382,1.00121978871976,1500
"Yp[99,2]",0.846753072,0.115912237162807,0.62045587480726,0.770377498733844,0.849510938974302,0.925007496026937,1.06552884253305,1.00113215591341,1500
"Yp[100,2]",0.849522828,0.117357614088501,0.620211319022941,0.772320918350243,0.852106495507457,0.928578249991822,1.07189120085179,1.00105013747888,1500
"b",0.0667067850209333,0.0486330342512952,-0.02790594,0.033547025,0.0669721,0.0982178,0.162324375,1.00316854334821,630
"beta[1]",1.149897192,0.0805981063427371,0.996594933717381,1.09937749855879,1.14820497795472,1.20220249936836,1.31896184510955,1.00787336507044,260
"beta[2]",-0.42517807648,0.114857469293787,-0.644447575,-0.4992,-0.4227855,-0.352994,-0.206928625,1.01457820486455,170
"sigma[1]",0.367763386,0.0361263645937817,0.306319049412221,0.342518999645263,0.365781999145666,0.390417249930604,0.445904053685045,1.00186719226644,1100
"sigma[2]",0.07906621046,0.0685550820244952,0.00898377361865008,0.027637868399529,0.0587661589450936,0.110636738797444,0.24952524995003,1.01690979091261,130
